Apple iPhone 6s Plus 128gb,312836,,space gray,SI,NANO,,,,,,,439,15,799,439,15,799,349,17,757,275,19,731,99,25,699
Apple iPhone 6s Plus 128gb,312878,,silver,SI,NANO,,,,,,,439,15,799,439,15,799,349,17,757,275,19,731,99,25,699
Apple iPhone 6s Plus 128gb,312881,,rose,SI,NANO,,,,,,,439,15,799,439,15,799,349,17,757,275,19,731,99,25,699
Samsung Galaxy S6 32 GB + Gear S2,312907,,negro,SI,NANO,,,,,,,395,14,731,395,14,731,259,17,667,219,18,651,0,26,624
Apple iPhone 6s Plus 64gb Gold,312834,,gold,SI,NANO,,,,,,,385,14,721,385,14,721,259,17,667,219,18,651,0,26,624
Apple iPhone 6s Plus 64gb Rose,312835,,rosa,SI,NANO,,,,,,,385,14,721,385,14,721,259,17,667,219,18,651,0,26,624
Apple iPhone 6s Plus 64gb Silver,312828,,silver,SI,NANO,,,,,,,385,14,721,385,14,721,259,17,667,219,18,651,0,26,624
Apple iPhone 6s Plus 64gb Space Grey,312827,,space gray,SI,NANO,,,,,,,385,14,721,385,14,721,259,17,667,219,18,651,0,26,624
Appel iPhone 6s 128gb,312822,,space gray,SI,NANO,,,,,,,385,14,721,385,14,721,259,17,667,219,18,651,0,26,624
Appel iPhone 6s 128gb,312883,,gold,SI,NANO,,,,,,,385,14,721,385,14,721,259,17,667,219,18,651,0,26,624
Appel iPhone 6s 128gb,312882,,silver,SI,NANO,,,,,,,385,14,721,385,14,721,259,17,667,219,18,651,0,26,624
Appel iPhone 6s 128gb,312884,,rose,SI,NANO,,,,,,,385,14,721,385,14,721,259,17,667,219,18,651,0,26,624
Apple iPhone 6s 64gb Gold,312820,,gold,SI,NANO,,,,,,,355,12,643,355,12,643,179,17,587,0,23,552,0,22,528
Apple iPhone 6s 64gb Space Grey,312818,,space gray,SI,NANO,,,,,,,355,12,643,355,12,643,179,17,587,0,23,552,0,22,528
Apple iPhone 6s Plus 16gb Gold,312825,,gold,SI,NANO,,,,,,,355,12,643,355,12,643,179,17,587,0,23,552,0,22,528
Apple iPhone 6s Plus 16gb Rose,312826,,rosa,SI,NANO,,,,,,,355,12,643,355,12,643,179,17,587,0,23,552,0,22,528
Apple iPhone 6s Plus 16gb Silver,312824,,silver,SI,NANO,,,,,,,355,12,643,355,12,643,179,17,587,0,23,552,0,22,528
Apple iPhone 6s Plus 16gb Space Grey,312823,,space gray,SI,NANO,,,,,,,355,12,643,355,12,643,179,17,587,0,23,552,0,22,528
Samsung Galaxy S6 Edge Plus 64 GB ,312791,,dorado,SI,NANO,,,,,,,349,11,613,349,11,613,179,16,563,0,22,528,0,22,528
Samsung Galaxy S6 Edge Plus 32 GB ,312790,,negro,SI,NANO,,,,,,,349,11,613,349,11,613,179,16,563,0,22,528,0,22,528
Samsung Galaxy S7 Edge 32 GB  + Tarjeta Adicional 32GB,312941,,negro,SI,NANO,,,,,,,349,11,613,349,11,613,0,23,552,0,22,528,0,22,528
Samsung Galaxy S7 Edge 32 GB + Tarjeta Adicional 32GB,312942,,gold,SI,NANO,,,,,,,349,11,613,349,11,613,0,23,552,0,22,528,0,22,528
LG G5 + Cámara CAMPLUS ,312998,,titanium,SI,NANO,,,,,,,329,11,593,329,11,593,0,22,528,0,21,504,0,19,456
Apple iPhone 6s 16gb + Cargador de coche + Funda,312877,,negro,SI,NANO,,,,,,,229,14,565,229,14,565,0,22,528,0,21,504,0,19,456
BB Priv,312911,,negro,SI,NANO,,,,,,,229,14,565,229,14,565,0,22,528,0,21,504,0,19,456
Sony Xperia Z5 Premium,312913,,chrome,SI,NANO,,,,,,,229,14,565,229,14,565,0,22,528,0,21,504,0,19,456
Apple iPhone 6s 16gb Gold,312816,,gold,SI,NANO,,,,,,,219,14,555,219,14,555,0,21,504,0,20,480,0,19,456
Apple iPhone 6s 16gb Rose,312817,,rosa,SI,NANO,,,,,,,219,14,555,219,14,555,0,21,504,0,20,480,0,19,456
Apple iPhone 6s 16gb Silver,312815,,silver,SI,NANO,,,,,,,219,14,555,219,14,555,0,21,504,0,20,480,0,19,456
Apple iPhone 6s 16gb Space Grey,312814,,space gray,SI,NANO,,,,,,,219,14,555,219,14,555,0,21,504,0,20,480,0,19,456
Samsung Galaxy S7 32GB,312938,,gold,SI,NANO,,,,,,,219,13,531,219,13,531,0,20,480,0,19,456,0,18,432
Samsung Galaxy S7 32GB,312937,,negro,SI,NANO,,,,,,,219,13,531,219,13,531,0,20,480,0,19,456,0,18,432
Samsung Galaxy S6 Edge 32 GB ,312702,,negro,SI,NANO,,,,,,,219,13,531,219,13,531,0,20,480,0,19,456,0,18,432
HTC ONE M9,312668,,negro,SI,NANO,,,,,,,285,9,501,285,9,501,0,19,456,0,18,432,0,17,408
LG G5,312960,,plata,SI,NANO,,,,,,,285,9,501,285,9,501,0,19,456,0,18,432,0,17,408
Sony Xperia Z5 + Auricular SBH20,312887,,gold,SI,NANO,,,,,,,275,9,491,275,9,491,0,19,456,0,18,432,0,17,408
MS Lumia 950,312846,,negro,SI,NANO,,,,,,,265,9,481,265,9,481,0,18,432,0,17,408,0,16,384
iPhone 6 16GB,312477,,space gray,SI,NANO,,,,,,,265,9,481,265,9,481,0,18,432,0,17,408,0,16,384
Samsung Galaxy S6 32 GB ,312682,,negro,SI,NANO,,,,,,,269,8,461,269,8,461,0,17,408,0,16,384,0,16,384
Samsung Galaxy S6 32 GB,312683,,dorado,SI,NANO,,,,,,,269,8,461,269,8,461,0,17,408,0,16,384,0,16,384
Sony Xperia Z5,312787,,negro,SI,NANO,,,,,,,265,8,457,265,8,457,0,17,408,0,16,384,0,16,384
HTC One A9,312871,,gris carbón,SI,NANO,,,,,,,225,8,417,225,8,417,0,16,384,0,14,336,0,13,312
Huawei Mate S,312808,,negro,SI,NANO,,,,,,,195,8,387,195,8,387,0,14,336,0,13,312,0,13,312
Huawei P9 ,312958,,grey,SI,NANO,,,,,,,195,8,387,195,8,387,0,14,336,0,13,312,0,13,312
Iphone 5S 16GB,312124,,space gray,SI,NANO,,,,,,,189,8,381,189,8,381,0,14,336,0,13,312,0,13,312
Iphone SE 16GB,312970,,space gray,SI,NANO,,,,,,,165,8,357,165,8,357,0,13,312,0,12,288,0,11,264
LG G4 ,312736,,dorado,SI,MICRO,,,,,,,149,8,341,149,8,341,0,12,288,0,11,264,0,10,240
Samsung Galaxy A5 2016,312916,,negro,SI,NANO,,,,,,,139,6,283,139,6,283,0,10,240,0,8,192,0,7,168
Sony Xperia M5 + Pack de gafas de realidad virtual,312917,,negro,SI,MICRO,,,,,,,129,6,273,129,6,273,0,10,240,0,8,192,0,7,168
BB Classic,312456,,negro,SI,MICRO,,,,,,,99,6,243,99,6,243,0,8,192,0,7,168,0,6,144
Huawei GX8,312901,,negro,SI,NANO,,,,,,,99,6,243,99,6,243,0,8,192,0,7,168,0,6,144
Huawei GX8 + Speaker Bluetooth ,312972,,blanco,SI,NANO,,,,,,,99,6,243,99,6,243,0,8,192,0,7,168,0,6,144
Huawei Ascend P8,312716,,negro,SI,MICRO,,,,,,,89,6,233,89,6,233,0,8,192,0,6,144,0,5,120
Samsung Galaxy A3 2016 ,312966,,gold,SI,MICRO,,,,,,,79,6,223,79,6,223,0,8,192,0,6,144,0,5,120
Samsung Galaxy J5 2016,312968,,negro,SI,MICRO,,,,,,,89,4,185,0,7,168,0,5,120,0,4,96,0,4,96
LG X Screen,312964,,negro,SI,NANO,,,,,,,79,4,175,0,7,168,0,5,120,0,4,96,0,4,96
BQ Aquarius X5,312912,,negro,SI,MICRO,,,,,,,79,4,175,0,7,168,0,5,120,0,4,96,0,4,96
BB Leap ,312715,,negro,SI,MICRO,,,,,,,69,4,165,0,7,168,0,5,120,0,4,96,0,3,72
MS Lumia 650,312947,,negro,SI,MICRO,,,,,,,75,3,147,0,6,144,0,4,96,0,3,72,0,2,48
Sony Xperia M4 Aqua ,312670,,negro,SI,MICRO,,,,,,,75,3,147,0,6,144,0,4,96,0,3,72,0,2,48
Motorola G 4G,312758,,negro,SI,MICRO,,,,,,,75,3,147,0,6,144,0,4,96,0,3,72,0,2,48
Samsung Galaxy J5,312848,,negro,SI,MICRO,,,,,,,65,3,137,0,6,144,0,4,96,0,3,72,0,2,48
Samsung Galaxy J5,312872,,gold,SI,MICRO,,,,,,,65,3,137,0,6,144,0,4,96,0,3,72,0,2,48
Huawei Ascend P8 Lite,312747,,negro,SI,MICRO,,,,,,,65,3,137,0,6,144,0,4,96,0,3,72,0,2,48
Vodafone Smart Ultra 6,312653,,blanco,SI,MICRO,,,,,,,55,3,127,0,5,120,0,3,72,0,2,48,0,0,0
Samsung Galaxy J3 2016,312967,,negro,SI,MICRO,,,,,,,55,3,127,0,5,120,0,3,72,0,2,48,0,0,0
MS Lumia 640,312675,,negro,SI,MICRO,,,,,,,55,3,127,0,5,120,0,3,72,0,2,48,0,0,0
LG G 4C,312770,,negro,SI,MICRO,,,,,,,45,3,117,0,5,120,0,3,72,0,2,48,0,0,0
LG K8,312963,,indigo blue,SI,NANO,,,,,,,45,3,117,0,5,120,0,3,72,0,2,48,0,0,0
Huawei Y6,312812,,negro,SI,MICRO,,,,0,4,96,0,4,96,0,4,96,0,2,48,0,2,48,0,0,0
Motorola E4G,312757,,negro,SI,MICRO,,,,0,3,72,0,3,72,0,3,72,0,2,48,0,0,0,0,0,0
Vodafone Smart Prime 6,312630,,negro,SI,MICRO,,,,0,3,72,0,3,72,0,3,72,0,2,48,0,0,0,0,0,0
MS Lumia 550,312851,,negro,SI,NANO,,,,0,3,72,0,3,72,0,3,72,0,2,48,0,0,0,0,0,0
LG K4,312946,,indigo blue,SI,MICRO,,,,0,3,72,0,3,72,0,3,72,0,0,0,0,0,0,0,0,0
Huawei Y5,312813,,negro,SI,MICRO,,,,0,3,72,0,3,72,0,3,72,0,0,0,0,0,0,0,0,0
Vodafone Smart Speed 6,312738,,negro,SI,MICRO,,,,0,2,48,0,2,48,0,2,48,0,0,0,0,0,0,0,0,0
Neo 3600,312105,,negro,NO,NORMAL,0,3,72,0,4,96,,,,,,,,,,,,,,,
Neo 3450,312573,,negro,NO,NORMAL,0,3,72,0,3,72,,,,,,,,,,,,,,,
Neo 1000V,312097,,negro,NO,NORMAL,0,2,48,0,2,48,,,,,,,,,,,,,,,
Neo 3400,312157,,negro,NO,NORMAL,0,2,48,0,2,48,,,,,,,,,,,,,,,
BPA COCOMM,312855,,blanco,NO,NORMAL,0,0,0,0,1,24,,,,,,,,,,,,,,,
Huawei ETS3,312038,,blanco,NO,NORMAL,0,0,0,0,1,24,,,,,,,,,,,,,,,
Alcatel 2012,312611,,blanco,NO,NORMAL,0,0,0,0,1,24,,,,,,,,,,,,,,,
Alcatel 2045,312806,,negro,NO,NORMAL,0,0,0,0,1,24,,,,,,,,,,,,,,,
ZTE F320 ,312771,,negro,NO,NORMAL,0,0,0,0,0,0,,,,,,,,,,,,,,,
DORO 508V (Senior Phono),312874,,grafito,NO,NORMAL,0,0,0,0,0,0,,,,,,,,,,,,,,,
